<?xml version='1.0' encoding='utf-8' standalone='yes' ?>
<map>
    <string name="prev_event_name">profile_page_seen</string>
    <int name="AF_CACHE_VERSION" value="2" />
    <boolean name="didSendRevenueTriggerOnLastBackground" value="false" />
    <long name="prev_event_timestamp" value="1771148384293" />
    <int name="appsFlyerInAppEventCount" value="72" />
    <long name="prev_session_dur" value="16" />
    <boolean name="ddl_sent" value="true" />
    <long name="af_rc_max_age" value="86400" />
    <string name="af_remote_config">eyJmZWF0dXJlcyI6e30sInZlciI6ImRlZmF1bHQudjEuMTYzNzE0OTUyOSJ9</string>
    <int name="versionCode" value="44" />
    <string name="savedProperties">{&quot;logLevel&quot;:&quot;0&quot;}</string>
    <string name="AF_INSTALLATION">1770783394511-8119125755508300897</string>
    <int name="appsFlyerCount" value="31" />
    <long name="af_rc_timestamp" value="1771075805646" />
    <long name="AppsFlyerTimePassedSincePrevLaunch" value="1771148370944" />
    <boolean name="newGPReferrerSent" value="true" />
    <string name="appsFlyerFirstInstall">2026-02-11_094635+0530</string>
</map>
