{"Fid":"e409fVY_TDKsflYoYYKsi1","Status":3,"AuthToken":"eyJhbGciOiJFUzI1NiIsInR5cCI6IkpXVCJ9.eyJhcHBJZCI6IjE6ODQ5MjYxMzY5MDg1OmFuZHJvaWQ6ODY0OGNlYzEwMWU2ZmY0MSIsImV4cCI6MTc3MTc0ODIwOCwiZmlkIjoiZTQwOWZWWV9UREtzZmxZb1lZS3NpMSIsInByb2plY3ROdW1iZXIiOjg0OTI2MTM2OTA4NX0.AB2LPV8wRgIhAJeG9TeD2iyDpKh1ZYapZhLEhPVMs5rkp9YwKy9JxWjgAiEAroz8G-Wdysut2Go3VDB_zOuWrIENku2q2o3OteNu_-U","RefreshToken":"3_AS3qfwI7Zbm7jIDIRC5zHwLV_G9ccVm2Rm8eIVCADlQLAJ7UbumQFqAa5CScCLm3CtYiNd0OKfUmI1rN95hjohxslnlAuVGP5K3qnew6rkQE8W4","TokenCreationEpochInSecs":1771143408,"ExpiresInSecs":604800}