{"Fid":"e1NrGZJ5QX-TV1aeN1VT2e","Status":3,"AuthToken":"eyJhbGciOiJFUzI1NiIsInR5cCI6IkpXVCJ9.eyJhcHBJZCI6IjE6ODQ5MjYxMzY5MDg1OmFuZHJvaWQ6ODY0OGNlYzEwMWU2ZmY0MSIsImV4cCI6MTc3MTc0ODcxOSwiZmlkIjoiZTFOckdaSjVRWC1UVjFhZU4xVlQyZSIsInByb2plY3ROdW1iZXIiOjg0OTI2MTM2OTA4NX0.AB2LPV8wRgIhAJWm69VY-NSZOre7YbrRBbKA2R9CMj5ZPl-0Mbdci_wSAiEA9R5xlpI2OwjgjZ2Q6rS3_Ugssijtj7EPivIpAdiLiEg","RefreshToken":"3_AS3qfwLAmfVB9kyVNZ7VTmmn_2g302SgdCucImAJYd7D0zOQduivZpEOqLh5WeGwSW8sfd7BTvx1gipEhMpoMcjZzHvhBpL0U7WNA6uGsU54hw","TokenCreationEpochInSecs":1771143918,"ExpiresInSecs":604800}