{"Fid":"ff2aMofZTvi0IWtb72zGl0","Status":3,"AuthToken":"eyJhbGciOiJFUzI1NiIsInR5cCI6IkpXVCJ9.eyJhcHBJZCI6IjE6ODQ5MjYxMzY5MDg1OmFuZHJvaWQ6ODY0OGNlYzEwMWU2ZmY0MSIsImV4cCI6MTc3MTU3NjMyMywiZmlkIjoiZmYyYU1vZlpUdmkwSVd0YjcyekdsMCIsInByb2plY3ROdW1iZXIiOjg0OTI2MTM2OTA4NX0.AB2LPV8wRAIgekccn32WxNWlGrlms2SVQBi7qg7B8PfUeLfKWzDR9i8CIDqAfMLk8_V46aMwsEhXCjMRbqkkWZN3SgX5cq65wIXo","RefreshToken":"3_AS3qfwKQ4R8rltISohC_hsi7gZ1A5ctjbN2UyEhTgYp2hqF2LC4Dw164Zau28UQgiIP79ezv87lT5j229SJEsA6Py_0m6aHBwPBOWARVIBzvO10","TokenCreationEpochInSecs":1770971523,"ExpiresInSecs":604800}