{"Fid":"eaS6sZ65TQ26XkZ8JcwZPZ","Status":3,"AuthToken":"eyJhbGciOiJFUzI1NiIsInR5cCI6IkpXVCJ9.eyJhcHBJZCI6IjE6ODQ5MjYxMzY5MDg1OmFuZHJvaWQ6ODY0OGNlYzEwMWU2ZmY0MSIsImV4cCI6MTc3MjA3Mjk4NiwiZmlkIjoiZWFTNnNaNjVUUTI2WGtaOEpjd1pQWiIsInByb2plY3ROdW1iZXIiOjg0OTI2MTM2OTA4NX0.AB2LPV8wRgIhAO-YaxSiCK1XGEPjUwjhlgYb8gHGusdiKpQAqemx2KRzAiEA80-K5gv3Yv7VUuECONzxEfdBgWLdyJVYvHDHBPj2vJY","RefreshToken":"3_AS3qfwKGG0m4NatnFqPBkRgfKrYKnWD360YpAvGOxLf6N-ZpcsT9gAapObJZRsxQeO_zgz5OqcgOSz65X6QVlsg4yPcPzL--7YkOxqLkmKf9FUY","TokenCreationEpochInSecs":1771468186,"ExpiresInSecs":604800}