{"Fid":"efZGzykXT7aN9DUrfQ1pcZ","Status":3,"AuthToken":"eyJhbGciOiJFUzI1NiIsInR5cCI6IkpXVCJ9.eyJhcHBJZCI6IjE6ODQ5MjYxMzY5MDg1OmFuZHJvaWQ6ODY0OGNlYzEwMWU2ZmY0MSIsImV4cCI6MTc3MTY2NTM0NSwiZmlkIjoiZWZaR3p5a1hUN2FOOURVcmZRMXBjWiIsInByb2plY3ROdW1iZXIiOjg0OTI2MTM2OTA4NX0.AB2LPV8wRQIhAODMLHpzjNhtSDZPzSdiSCOkurj-wDxXK82ckHTtRiDdAiA1tdqtBG7iriQ4ORfX6cOs5kIbX2MJ1M-AHHBsaSzNfw","RefreshToken":"3_AS3qfwKxA8qZYZZ_aR440O5BAfVzqfJsRGDXv37HO-PJufglJ2lFDcuzy8GYd9VUU6-lcEYjcm6XqXGK4zddAtr177OsB2pNbYTSKCM7Qj4-IfI","TokenCreationEpochInSecs":1771060544,"ExpiresInSecs":604800}