{"Fid":"esvmwAOfTKeMN0pXzULSZU","Status":3,"AuthToken":"eyJhbGciOiJFUzI1NiIsInR5cCI6IkpXVCJ9.eyJhcHBJZCI6IjE6MTAyMzEzMzcyODg5NDphbmRyb2lkOmYyNWE2NzFmNTE5NGUxZDYxOGQ4MmYiLCJleHAiOjE3NzEzODgxOTYsImZpZCI6ImVzdm13QU9mVEtlTU4wcFh6VUxTWlUiLCJwcm9qZWN0TnVtYmVyIjoxMDIzMTMzNzI4ODk0fQ.AB2LPV8wRQIgcXMEnEGyb0RvaHkW2socdI5qEMo8SIaHz2R24wjy2rUCIQCevZwKWujCeLjojxZBlk8KS2RZg4Px8yhyXZtGVI0zEg","RefreshToken":"3_AS3qfwJHx-drG4fTSwlTkqRfOt_W_95hV6icM_YDeRReRTR2xCawARcaZiufDI9jO17eah8Awl91CON_I_OsLF2xmacrL3-_yqzrfb1b46ZK1e8","TokenCreationEpochInSecs":1770783396,"ExpiresInSecs":604800}