<?xml version='1.0' encoding='utf-8' standalone='yes' ?>
<map>
    <int name="AF_CACHE_VERSION" value="2" />
    <boolean name="didSendRevenueTriggerOnLastBackground" value="false" />
    <string name="afUninstallToken">dKingTG2SDuw7IsVTUumkW:APA91bFOMUGl2NNnEnRmsqJVOqntK3pD0PHA3G-WfclEvsSxbmHpexUmDr4XJ_urwngZxtiEZp6djoM-cDHDwlqCyEaeBjtcvb-2xVFJOb9m2NWuuBhuqNs</string>
    <long name="prev_session_dur" value="5" />
    <long name="af_rc_max_age" value="86400" />
    <boolean name="ddl_sent" value="true" />
    <string name="sentSuccessfully">true</string>
    <string name="af_remote_config">eyJmZWF0dXJlcyI6eyJleGNfbW5nciI6W3siZGF0YSI6eyJ2MSI6eyJzZGtfdmVyIjoiMS45LjkiLCJtaW4iOjEsImV4cGlyZSI6MTB9fX1dfSwidmVyIjoiNDI5NzI5ZmIudjEuMTY4NjI0NzQ4NTAwMCJ9</string>
    <int name="versionCode" value="12168" />
    <boolean name="sentRegisterRequestToAF" value="true" />
    <string name="savedProperties">{}</string>
    <string name="AF_INSTALLATION">1771143877349-1135432519088498128</string>
    <boolean name="afUninstallToken_queued" value="false" />
    <int name="appsFlyerCount" value="2" />
    <long name="af_rc_timestamp" value="1771143877790" />
    <long name="AppsFlyerTimePassedSincePrevLaunch" value="1771143917270" />
    <boolean name="newGPReferrerSent" value="true" />
    <int name="af_send_exc_min" value="1" />
    <string name="appsFlyerFirstInstall">2026-02-15_135439+0530</string>
    <long name="afUninstallToken_received_time" value="1771143882533" />
    <string name="attributionId">{&quot;install_time&quot;:&quot;2026-02-15 08:24:42.259&quot;,&quot;af_message&quot;:&quot;organic install&quot;,&quot;af_status&quot;:&quot;Organic&quot;,&quot;is_first_launch&quot;:false}</string>
</map>
