<?xml version='1.0' encoding='utf-8' standalone='yes' ?>
<map>
    <int name="AF_CACHE_VERSION" value="2" />
    <boolean name="didSendRevenueTriggerOnLastBackground" value="false" />
    <long name="prev_session_dur" value="9" />
    <string name="afUninstallToken">f63wp9juQO6nfoCgp2vRme:APA91bFcAElKYKq68j7ryDmFsKB79u3iCqTyelnSgfX6TTxMsijU4b3bStwj2ajxd5G0STipfx70nn1Xe1PTMV2V6ESYaLlv22ySpbG23IXUHEmjPiITorY</string>
    <long name="af_rc_max_age" value="86400" />
    <boolean name="ddl_sent" value="true" />
    <string name="sentSuccessfully">true</string>
    <boolean name="sentRegisterRequestToAF" value="true" />
    <string name="af_remote_config">eyJmZWF0dXJlcyI6eyJleGNfbW5nciI6W3siZGF0YSI6eyJ2MSI6eyJzZGtfdmVyIjoiMS45LjkiLCJtaW4iOjEsImV4cGlyZSI6MTB9fX1dfSwidmVyIjoiNDI5NzI5ZmIudjEuMTY4NjI0NzQ4NTAwMCJ9</string>
    <int name="versionCode" value="12168" />
    <string name="savedProperties">{}</string>
    <string name="AF_INSTALLATION">1771069957739-4803451354578567326</string>
    <boolean name="afUninstallToken_queued" value="false" />
    <long name="af_send_exc_to_server_window" value="1771933958243" />
    <int name="appsFlyerCount" value="2" />
    <long name="af_rc_timestamp" value="1771069958240" />
    <long name="AppsFlyerTimePassedSincePrevLaunch" value="1771070015174" />
    <boolean name="newGPReferrerSent" value="true" />
    <string name="appsFlyerFirstInstall">2026-02-14_172240+0530</string>
    <int name="af_send_exc_min" value="1" />
    <long name="afUninstallToken_received_time" value="1771069962340" />
    <string name="attributionId">{&quot;install_time&quot;:&quot;2026-02-14 11:52:43.096&quot;,&quot;af_message&quot;:&quot;organic install&quot;,&quot;af_status&quot;:&quot;Organic&quot;,&quot;is_first_launch&quot;:false}</string>
</map>
