<?xml version='1.0' encoding='utf-8' standalone='yes' ?>
<map>
    <int name="AF_CACHE_VERSION" value="2" />
    <boolean name="didSendRevenueTriggerOnLastBackground" value="false" />
    <long name="prev_session_dur" value="36" />
    <string name="afUninstallToken">cyMVPQEoRYWyqR63C3-ojp:APA91bELzqSQ32jGiJkt_VH1INpsWnyN_LaTV-_f5kz7R74JcYXW01X4E7O1JK8kh0e3nO2zX_H5KiViKa9GjnimitCt--971Wkrh-7xAIwkfbHCfJDmWqs</string>
    <long name="af_rc_max_age" value="86400" />
    <boolean name="ddl_sent" value="true" />
    <string name="sentSuccessfully">true</string>
    <boolean name="sentRegisterRequestToAF" value="true" />
    <string name="af_remote_config">eyJmZWF0dXJlcyI6eyJleGNfbW5nciI6W3siZGF0YSI6eyJ2MSI6eyJzZGtfdmVyIjoiMS45LjkiLCJtaW4iOjEsImV4cGlyZSI6MTB9fX1dfSwidmVyIjoiNDI5NzI5ZmIudjEuMTY4NjI0NzQ4NTAwMCJ9</string>
    <int name="versionCode" value="12168" />
    <string name="savedProperties">{}</string>
    <string name="AF_INSTALLATION">1769880485926-6217786962020961052</string>
    <boolean name="afUninstallToken_queued" value="false" />
    <int name="appsFlyerCount" value="15" />
    <long name="af_send_exc_to_server_window" value="1771924542200" />
    <long name="af_rc_timestamp" value="1771060542198" />
    <long name="AppsFlyerTimePassedSincePrevLaunch" value="1771060543154" />
    <boolean name="newGPReferrerSent" value="true" />
    <string name="appsFlyerFirstInstall">2026-01-31_225808+0530</string>
    <int name="af_send_exc_min" value="1" />
    <long name="afUninstallToken_received_time" value="1770824707773" />
    <string name="attributionId">{&quot;af_status&quot;:&quot;Organic&quot;,&quot;af_message&quot;:&quot;organic install&quot;,&quot;is_first_launch&quot;:false}</string>
</map>
