<?xml version='1.0' encoding='utf-8' standalone='yes' ?>
<map>
    <int name="AF_CACHE_VERSION" value="2" />
    <boolean name="didSendRevenueTriggerOnLastBackground" value="false" />
    <long name="prev_session_dur" value="34" />
    <string name="afUninstallToken">eaS6sZ65TQ26XkZ8JcwZPZ:APA91bGraoh4m2Ly_nqv1Rrmloj-imCQPy9Q6sMV9ohw0Te7rnv65GeHVmhse9lUL4Q40wk_pibgbsO6fUHAH-WxAlcoWRvAlNBqnT0citXng65KLE0-o2U</string>
    <long name="af_rc_max_age" value="86400" />
    <boolean name="ddl_sent" value="true" />
    <string name="sentSuccessfully">true</string>
    <boolean name="sentRegisterRequestToAF" value="true" />
    <string name="af_remote_config">eyJmZWF0dXJlcyI6eyJleGNfbW5nciI6W3siZGF0YSI6eyJ2MSI6eyJzZGtfdmVyIjoiMS45LjkiLCJtaW4iOjEsImV4cGlyZSI6MTB9fX1dfSwidmVyIjoiNDI5NzI5ZmIudjEuMTY4NjI0NzQ4NTAwMCJ9</string>
    <int name="versionCode" value="12194" />
    <string name="savedProperties">{}</string>
    <string name="AF_INSTALLATION">1771468185630-8680904430427291095</string>
    <boolean name="afUninstallToken_queued" value="false" />
    <long name="af_send_exc_to_server_window" value="1772332186134" />
    <int name="appsFlyerCount" value="3" />
    <long name="af_rc_timestamp" value="1771468186131" />
    <long name="AppsFlyerTimePassedSincePrevLaunch" value="1771468211299" />
    <boolean name="newGPReferrerSent" value="true" />
    <string name="appsFlyerFirstInstall">2026-02-19_075947+0530</string>
    <int name="af_send_exc_min" value="1" />
    <long name="afUninstallToken_received_time" value="1771468190023" />
    <string name="attributionId">{&quot;af_status&quot;:&quot;Organic&quot;,&quot;af_message&quot;:&quot;organic install&quot;,&quot;is_first_launch&quot;:false}</string>
</map>
