<?xml version='1.0' encoding='utf-8' standalone='yes' ?>
<map>
    <int name="AF_CACHE_VERSION" value="2" />
    <boolean name="didSendRevenueTriggerOnLastBackground" value="false" />
    <string name="gcd">{&quot;retries&quot;:0,&quot;net&quot;:3244}</string>
    <string name="afUninstallToken">dnbb7VJUQOOPxzDpcjqe2J:APA91bGoEpoxbmYL_FgFX3vxB88F4_a5UDOQXmjoyBekTl_ISkMEItZcv6O7L0vNlBhh-iEIUJGl8ExfHplu73dOHAIWh2X_dMzdjhjoqw8nGoeshFhVr1c</string>
    <long name="prev_session_dur" value="34" />
    <long name="af_rc_max_age" value="86400" />
    <boolean name="ddl_sent" value="true" />
    <string name="sentSuccessfully">true</string>
    <string name="af_remote_config">eyJmZWF0dXJlcyI6eyJleGNfbW5nciI6W3siZGF0YSI6eyJ2MSI6eyJzZGtfdmVyIjoiMS45LjkiLCJtaW4iOjEsImV4cGlyZSI6MTB9fX1dfSwidmVyIjoiNDI5NzI5ZmIudjEuMTY4NjI0NzQ4NTAwMCJ9</string>
    <int name="versionCode" value="12168" />
    <boolean name="sentRegisterRequestToAF" value="true" />
    <string name="savedProperties">{}</string>
    <string name="AF_INSTALLATION">1771143405374-5159514198509554641</string>
    <boolean name="afUninstallToken_queued" value="false" />
    <long name="af_send_exc_to_server_window" value="1772007405788" />
    <int name="appsFlyerCount" value="1" />
    <long name="af_rc_timestamp" value="1771143405783" />
    <long name="AppsFlyerTimePassedSincePrevLaunch" value="1771143408101" />
    <boolean name="newGPReferrerSent" value="true" />
    <string name="first_launch">{&quot;from_fg&quot;:848,&quot;net&quot;:1553,&quot;start_with&quot;:&quot;activity&quot;,&quot;init_to_fg&quot;:1895}</string>
    <int name="af_send_exc_min" value="1" />
    <string name="appsFlyerFirstInstall">2026-02-15_134647+0530</string>
    <long name="afUninstallToken_received_time" value="1771143409345" />
    <string name="attributionId">{&quot;install_time&quot;:&quot;2026-02-15 08:16:50.246&quot;,&quot;af_message&quot;:&quot;organic install&quot;,&quot;af_status&quot;:&quot;Organic&quot;,&quot;is_first_launch&quot;:false}</string>
</map>
