<?xml version='1.0' encoding='utf-8' standalone='yes' ?>
<map>
    <int name="AF_CACHE_VERSION" value="2" />
    <boolean name="didSendRevenueTriggerOnLastBackground" value="false" />
    <long name="prev_session_dur" value="3" />
    <string name="afUninstallToken">cWN428VSTji4GwEx3FlmZL:APA91bGclEvSBFkFAQQEs8S_Kd1BhxCjynoKG7qz_kpfnXMOYMVW_0KTvtsume6SlIvQNk254U0q03-I543tTXjDWcjYeelbfqlGG_LiUY70g6gzcK44iwU</string>
    <long name="af_rc_max_age" value="86400" />
    <boolean name="ddl_sent" value="true" />
    <string name="sentSuccessfully">true</string>
    <boolean name="sentRegisterRequestToAF" value="true" />
    <string name="af_remote_config">eyJmZWF0dXJlcyI6eyJleGNfbW5nciI6W3siZGF0YSI6eyJ2MSI6eyJzZGtfdmVyIjoiMS45LjkiLCJtaW4iOjEsImV4cGlyZSI6MTB9fX1dfSwidmVyIjoiNDI5NzI5ZmIudjEuMTY4NjI0NzQ4NTAwMCJ9</string>
    <int name="versionCode" value="12168" />
    <string name="savedProperties">{}</string>
    <string name="AF_INSTALLATION">1771143665755-4738768768793572858</string>
    <boolean name="afUninstallToken_queued" value="false" />
    <long name="af_send_exc_to_server_window" value="1772007666248" />
    <int name="appsFlyerCount" value="2" />
    <long name="af_rc_timestamp" value="1771143666247" />
    <long name="AppsFlyerTimePassedSincePrevLaunch" value="1771143694049" />
    <boolean name="newGPReferrerSent" value="true" />
    <string name="appsFlyerFirstInstall">2026-02-15_135107+0530</string>
    <int name="af_send_exc_min" value="1" />
    <long name="afUninstallToken_received_time" value="1771143669519" />
    <string name="attributionId">{&quot;af_status&quot;:&quot;Organic&quot;,&quot;af_message&quot;:&quot;organic install&quot;,&quot;is_first_launch&quot;:false}</string>
</map>
