<?xml version='1.0' encoding='utf-8' standalone='yes' ?>
<map>
    <long name="first_open_time" value="1771143405157" />
    <string name="gmp_app_id">1:849261369085:android:8648cec101e6ff41</string>
    <string name="app_instance_id">f223744981ab6ff9609d2d69cfa5aa72</string>
    <long name="session_id" value="1771143405" />
    <boolean name="app_backgrounded" value="true" />
    <long name="health_monitor:start" value="1771143405385" />
    <boolean name="use_service" value="true" />
    <boolean name="deferred_analytics_collection" value="false" />
    <string name="previous_os_version">12</string>
    <boolean name="has_been_opened" value="true" />
    <boolean name="allow_remote_dynamite" value="true" />
    <long name="last_pause_time" value="1771143440978" />
    <boolean name="start_new_session" value="false" />
</map>
