<?xml version='1.0' encoding='utf-8' standalone='yes' ?>
<map>
    <long name="first_open_time" value="1769880485603" />
    <string name="gmp_app_id">1:849261369085:android:8648cec101e6ff41</string>
    <string name="app_instance_id">537a9c2908d7d34aaab4b19fd03f94d7</string>
    <long name="session_id" value="1770971420" />
    <boolean name="app_backgrounded" value="false" />
    <long name="health_monitor:start" value="1770971420865" />
    <boolean name="use_service" value="true" />
    <boolean name="deferred_analytics_collection" value="false" />
    <string name="previous_os_version">12</string>
    <boolean name="has_been_opened" value="true" />
    <boolean name="allow_remote_dynamite" value="true" />
    <long name="last_pause_time" value="1770971510788" />
    <boolean name="start_new_session" value="false" />
</map>
