<?xml version='1.0' encoding='utf-8' standalone='yes' ?>
<map>
    <long name="com.google.firebase.perf.NetworkRequestSamplingRate" value="3385675824694060411" />
    <boolean name="com.google.firebase.perf.ExperimentTTID" value="true" />
    <boolean name="com.google.firebase.perf.SdkEnabled" value="true" />
    <long name="com.google.firebase.perf.TraceSamplingRate" value="4587777605756810876" />
    <boolean name="isEnabled" value="true" />
    <string name="com.google.firebase.perf.SdkDisabledVersions"></string>
    <long name="com.google.firebase.perf.SessionSamplingRate" value="1" />
</map>
