<?xml version='1.0' encoding='utf-8' standalone='yes' ?>
<map>
    <set name="kotlin/2.0.21 fire-cls/19.3.0 device-brand/vivo fire-installations/18.0.0 fire-rc/22.0.1 fire-abt/21.1.1 device-name/2131i fire-core/21.0.0 fire-android/31 fire-core-ktx/21.0.0 fire-perf/21.0.3 android-installer/com.google.android.packageinstaller fire-analytics/22.1.2 android-platform/ android-min-sdk/21 fire-fcm/24.1.0 android-target-sdk/36 fire-transport/19.0.0 device-model/2131 fire-sessions/2.0.7">
        <string>2026-02-19</string>
    </set>
    <long name="fire-count" value="1" />
    <string name="last-used-date">2026-02-19</string>
    <long name="fire-global" value="1771468185435" />
</map>
