<?xml version='1.0' encoding='utf-8' standalone='yes' ?>
<map>
    <long name="RECORD_TIMESTAMP_CELLULAR_4G" value="1770827877218" />
    <long name="BANDWIDTH_WIFI" value="4241256" />
    <long name="BANDWIDTH_CELLULAR" value="6577730" />
    <boolean name="RESTRICT_AV1" value="false" />
    <boolean name="RESTRICT_FHD_AND_UHD_RESOLUTION" value="false" />
    <long name="RECORD_TIMESTAMP_CELLULAR" value="1770827877218" />
    <boolean name="FALLBACK_TO_L3_PREFERENCE" value="false" />
    <long name="RECORD_TIMESTAMP_WIFI" value="1770859494949" />
    <boolean name="RESTRICT_DOLBY_AUDIO" value="false" />
    <boolean name="vr360_support_result" value="false" />
    <boolean name="RESTRICT_SSAI" value="false" />
    <long name="BANDWIDTH_CELLULAR_4G" value="6577730" />
</map>
