<?xml version='1.0' encoding='utf-8' standalone='yes' ?>
<map>
    <boolean name="RESTRICT_FHD_AND_UHD_RESOLUTION" value="false" />
    <long name="RECORD_TIMESTAMP_CELLULAR" value="1771247205211" />
    <long name="RECORD_TIMESTAMP_CELLULAR_4G" value="1771247205211" />
    <boolean name="FALLBACK_TO_L3_PREFERENCE" value="false" />
    <long name="BANDWIDTH_CELLULAR" value="9832873" />
    <boolean name="RESTRICT_DOLBY_AUDIO" value="false" />
    <boolean name="RESTRICT_AV1" value="false" />
    <boolean name="vr360_support_result" value="false" />
    <boolean name="RESTRICT_SSAI" value="false" />
    <long name="BANDWIDTH_CELLULAR_4G" value="9832873" />
</map>
