<?xml version='1.0' encoding='utf-8' standalone='yes' ?>
<map>
    <string name="pfworkid">6ZW-45W-W84Z</string>
    <string name="instance:6ZW-45W-W84Z">{&quot;accountId&quot;:&quot;6ZW-45W-W84Z&quot;,&quot;accountToken&quot;:&quot;054-016&quot;,&quot;analyticsOnly&quot;:false,&quot;isDefaultInstance&quot;:true,&quot;useGoogleAdId&quot;:false,&quot;disableAppLaunchedEvent&quot;:false,&quot;personalization&quot;:true,&quot;debugLevel&quot;:0,&quot;createdPostAppLaunch&quot;:false,&quot;sslPinning&quot;:false,&quot;backgroundSync&quot;:true,&quot;getEnableCustomCleverTapId&quot;:false,&quot;beta&quot;:false,&quot;encryptionLevel&quot;:0,&quot;allowedPushTypes&quot;:[]}</string>
    <string name="ict_date:__8f86075f5c7e47889c213fc0db07c0f6:6ZW-45W-W84Z">15022026</string>
    <int name="comms_last_ts:6ZW-45W-W84Z" value="1771143669" />
    <int name="comms_first_ts:6ZW-45W-W84Z" value="1771143668" />
    <int name="istc_inapp:__8f86075f5c7e47889c213fc0db07c0f6:6ZW-45W-W84Z" value="0" />
    <int name="encryptionLevel:6ZW-45W-W84Z" value="0" />
    <int name="encryptionMigrationFailureCount:6ZW-45W-W84Z" value="0" />
    <int name="imc:__8f86075f5c7e47889c213fc0db07c0f6:6ZW-45W-W84Z" value="10" />
    <int name="sexe:6ZW-45W-W84Z" value="1771143696" />
    <int name="lastSessionId:6ZW-45W-W84Z" value="1771143666" />
    <string name="deviceId:6ZW-45W-W84Z">__8f86075f5c7e47889c213fc0db07c0f6</string>
    <string name="fcm_token:6ZW-45W-W84Z">cWN428VSTji4GwEx3FlmZL:APA91bGclEvSBFkFAQQEs8S_Kd1BhxCjynoKG7qz_kpfnXMOYMVW_0KTvtsume6SlIvQNk254U0q03-I543tTXjDWcjYeelbfqlGG_LiUY70g6gzcK44iwU</string>
    <boolean name="ssInAppMigrated:6ZW-45W-W84Z" value="true" />
    <string name="SP_KEY_PROFILE_IDENTITIES:6ZW-45W-W84Z">Email,Identity</string>
    <int name="istmcd_inapp:__8f86075f5c7e47889c213fc0db07c0f6:6ZW-45W-W84Z" value="10" />
    <boolean name="OptOut:__8f86075f5c7e47889c213fc0db07c0f6:6ZW-45W-W84Z" value="true" />
    <long name="last_assets_cleanup" value="1771143668405" />
</map>
