<?xml version='1.0' encoding='utf-8' standalone='yes' ?>
<map>
    <string name="pfworkid">6ZW-45W-W84Z</string>
    <string name="instance:6ZW-45W-W84Z">{&quot;accountId&quot;:&quot;6ZW-45W-W84Z&quot;,&quot;accountToken&quot;:&quot;054-016&quot;,&quot;analyticsOnly&quot;:false,&quot;isDefaultInstance&quot;:true,&quot;useGoogleAdId&quot;:false,&quot;disableAppLaunchedEvent&quot;:false,&quot;personalization&quot;:true,&quot;debugLevel&quot;:0,&quot;createdPostAppLaunch&quot;:false,&quot;sslPinning&quot;:false,&quot;backgroundSync&quot;:true,&quot;getEnableCustomCleverTapId&quot;:false,&quot;beta&quot;:false,&quot;encryptionLevel&quot;:0,&quot;allowedPushTypes&quot;:[]}</string>
    <int name="istmcd_inapp:__a098edac57534a279217d91608474611:6ZW-45W-W84Z" value="10" />
    <int name="comms_last_ts:6ZW-45W-W84Z" value="1771468189" />
    <int name="comms_first_ts:6ZW-45W-W84Z" value="1771468189" />
    <int name="imc:__a098edac57534a279217d91608474611:6ZW-45W-W84Z" value="10" />
    <int name="encryptionLevel:6ZW-45W-W84Z" value="0" />
    <int name="encryptionMigrationFailureCount:6ZW-45W-W84Z" value="0" />
    <boolean name="OptOut:__a098edac57534a279217d91608474611:6ZW-45W-W84Z" value="true" />
    <int name="sexe:6ZW-45W-W84Z" value="1771468245" />
    <int name="lastSessionId:6ZW-45W-W84Z" value="1771468186" />
    <string name="deviceId:6ZW-45W-W84Z">__a098edac57534a279217d91608474611</string>
    <int name="istc_inapp:__a098edac57534a279217d91608474611:6ZW-45W-W84Z" value="0" />
    <string name="fcm_token:6ZW-45W-W84Z">eaS6sZ65TQ26XkZ8JcwZPZ:APA91bGraoh4m2Ly_nqv1Rrmloj-imCQPy9Q6sMV9ohw0Te7rnv65GeHVmhse9lUL4Q40wk_pibgbsO6fUHAH-WxAlcoWRvAlNBqnT0citXng65KLE0-o2U</string>
    <boolean name="ssInAppMigrated:6ZW-45W-W84Z" value="true" />
    <string name="SP_KEY_PROFILE_IDENTITIES:6ZW-45W-W84Z">Email,Identity</string>
    <string name="ict_date:__a098edac57534a279217d91608474611:6ZW-45W-W84Z">19022026</string>
    <long name="last_assets_cleanup" value="1771468189774" />
</map>
