<?xml version='1.0' encoding='utf-8' standalone='yes' ?>
<map>
    <string name="pfworkid">6ZW-45W-W84Z</string>
    <boolean name="OptOut:__a0f21c17578f4a28b822af9d79b27452:6ZW-45W-W84Z" value="true" />
    <string name="ict_date:__a0f21c17578f4a28b822af9d79b27452:6ZW-45W-W84Z">15022026</string>
    <string name="instance:6ZW-45W-W84Z">{&quot;accountId&quot;:&quot;6ZW-45W-W84Z&quot;,&quot;accountToken&quot;:&quot;054-016&quot;,&quot;analyticsOnly&quot;:false,&quot;isDefaultInstance&quot;:true,&quot;useGoogleAdId&quot;:false,&quot;disableAppLaunchedEvent&quot;:false,&quot;personalization&quot;:true,&quot;debugLevel&quot;:0,&quot;createdPostAppLaunch&quot;:false,&quot;sslPinning&quot;:false,&quot;backgroundSync&quot;:true,&quot;getEnableCustomCleverTapId&quot;:false,&quot;beta&quot;:false,&quot;encryptionLevel&quot;:0,&quot;allowedPushTypes&quot;:[]}</string>
    <int name="imc:__a0f21c17578f4a28b822af9d79b27452:6ZW-45W-W84Z" value="10" />
    <int name="comms_last_ts:6ZW-45W-W84Z" value="1771143409" />
    <int name="comms_first_ts:6ZW-45W-W84Z" value="1771143409" />
    <int name="encryptionLevel:6ZW-45W-W84Z" value="0" />
    <int name="encryptionMigrationFailureCount:6ZW-45W-W84Z" value="0" />
    <int name="sexe:6ZW-45W-W84Z" value="1771143440" />
    <int name="lastSessionId:6ZW-45W-W84Z" value="1771143405" />
    <string name="deviceId:6ZW-45W-W84Z">__a0f21c17578f4a28b822af9d79b27452</string>
    <int name="istmcd_inapp:__a0f21c17578f4a28b822af9d79b27452:6ZW-45W-W84Z" value="10" />
    <int name="istc_inapp:__a0f21c17578f4a28b822af9d79b27452:6ZW-45W-W84Z" value="0" />
    <string name="fcm_token:6ZW-45W-W84Z">dnbb7VJUQOOPxzDpcjqe2J:APA91bGoEpoxbmYL_FgFX3vxB88F4_a5UDOQXmjoyBekTl_ISkMEItZcv6O7L0vNlBhh-iEIUJGl8ExfHplu73dOHAIWh2X_dMzdjhjoqw8nGoeshFhVr1c</string>
    <boolean name="ssInAppMigrated:6ZW-45W-W84Z" value="true" />
    <string name="SP_KEY_PROFILE_IDENTITIES:6ZW-45W-W84Z">Email,Identity</string>
    <long name="last_assets_cleanup" value="1771143409434" />
</map>
