<?xml version='1.0' encoding='utf-8' standalone='yes' ?>
<map>
    <string name="pfworkid">6ZW-45W-W84Z</string>
    <string name="instance:6ZW-45W-W84Z">{&quot;accountId&quot;:&quot;6ZW-45W-W84Z&quot;,&quot;accountToken&quot;:&quot;054-016&quot;,&quot;analyticsOnly&quot;:false,&quot;isDefaultInstance&quot;:true,&quot;useGoogleAdId&quot;:false,&quot;disableAppLaunchedEvent&quot;:false,&quot;personalization&quot;:true,&quot;debugLevel&quot;:0,&quot;createdPostAppLaunch&quot;:false,&quot;sslPinning&quot;:false,&quot;backgroundSync&quot;:true,&quot;getEnableCustomCleverTapId&quot;:false,&quot;beta&quot;:false,&quot;encryptionLevel&quot;:0,&quot;allowedPushTypes&quot;:[]}</string>
    <string name="ict_date:__936812e8d2db4dd6bc6a68db93a18d7d:6ZW-45W-W84Z">16022026</string>
    <int name="comms_last_ts:6ZW-45W-W84Z" value="1771247018" />
    <int name="comms_first_ts:6ZW-45W-W84Z" value="1771247017" />
    <int name="istc_inapp:__936812e8d2db4dd6bc6a68db93a18d7d:6ZW-45W-W84Z" value="0" />
    <int name="encryptionLevel:6ZW-45W-W84Z" value="0" />
    <int name="encryptionMigrationFailureCount:6ZW-45W-W84Z" value="0" />
    <int name="imc:__936812e8d2db4dd6bc6a68db93a18d7d:6ZW-45W-W84Z" value="10" />
    <int name="sexe:6ZW-45W-W84Z" value="1771247132" />
    <int name="lastSessionId:6ZW-45W-W84Z" value="1771247015" />
    <string name="deviceId:6ZW-45W-W84Z">__936812e8d2db4dd6bc6a68db93a18d7d</string>
    <int name="istmcd_inapp:__936812e8d2db4dd6bc6a68db93a18d7d:6ZW-45W-W84Z" value="10" />
    <string name="fcm_token:6ZW-45W-W84Z">fYTek1QqTZeCvkmBoBU0yM:APA91bHQR6TBYeNFg_tkPniitnUH9ItIMn-vf5WNt0JS2tlSJ-BvNxCdeCOPk5_rJsmaLbPbDGY0g7FqBUWwrVrvBiq_Bznj-bXd00rs8ZfgvngNK3PpqJs</string>
    <boolean name="ssInAppMigrated:6ZW-45W-W84Z" value="true" />
    <string name="SP_KEY_PROFILE_IDENTITIES:6ZW-45W-W84Z">Email,Identity</string>
    <boolean name="OptOut:__936812e8d2db4dd6bc6a68db93a18d7d:6ZW-45W-W84Z" value="true" />
    <long name="last_assets_cleanup" value="1771247017995" />
</map>
