<?xml version='1.0' encoding='utf-8' standalone='yes' ?>
<map>
    <string name="pfworkid">6ZW-45W-W84Z</string>
    <string name="instance:6ZW-45W-W84Z">{&quot;accountId&quot;:&quot;6ZW-45W-W84Z&quot;,&quot;accountToken&quot;:&quot;054-016&quot;,&quot;analyticsOnly&quot;:false,&quot;isDefaultInstance&quot;:true,&quot;useGoogleAdId&quot;:false,&quot;disableAppLaunchedEvent&quot;:false,&quot;personalization&quot;:true,&quot;debugLevel&quot;:0,&quot;createdPostAppLaunch&quot;:false,&quot;sslPinning&quot;:false,&quot;backgroundSync&quot;:true,&quot;getEnableCustomCleverTapId&quot;:false,&quot;beta&quot;:false,&quot;encryptionLevel&quot;:0,&quot;allowedPushTypes&quot;:[]}</string>
    <int name="istmcd_inapp:__a329eba89564420ea326a0aac3a9ed71:6ZW-45W-W84Z" value="10" />
    <int name="comms_last_ts:6ZW-45W-W84Z" value="1771069962" />
    <int name="comms_first_ts:6ZW-45W-W84Z" value="1771069962" />
    <int name="encryptionLevel:6ZW-45W-W84Z" value="0" />
    <int name="encryptionMigrationFailureCount:6ZW-45W-W84Z" value="0" />
    <boolean name="OptOut:__a329eba89564420ea326a0aac3a9ed71:6ZW-45W-W84Z" value="true" />
    <int name="sexe:6ZW-45W-W84Z" value="1771070023" />
    <int name="lastSessionId:6ZW-45W-W84Z" value="1771069958" />
    <string name="deviceId:6ZW-45W-W84Z">__a329eba89564420ea326a0aac3a9ed71</string>
    <string name="ict_date:__a329eba89564420ea326a0aac3a9ed71:6ZW-45W-W84Z">14022026</string>
    <int name="imc:__a329eba89564420ea326a0aac3a9ed71:6ZW-45W-W84Z" value="10" />
    <int name="istc_inapp:__a329eba89564420ea326a0aac3a9ed71:6ZW-45W-W84Z" value="0" />
    <string name="fcm_token:6ZW-45W-W84Z">f63wp9juQO6nfoCgp2vRme:APA91bFcAElKYKq68j7ryDmFsKB79u3iCqTyelnSgfX6TTxMsijU4b3bStwj2ajxd5G0STipfx70nn1Xe1PTMV2V6ESYaLlv22ySpbG23IXUHEmjPiITorY</string>
    <boolean name="ssInAppMigrated:6ZW-45W-W84Z" value="true" />
    <string name="SP_KEY_PROFILE_IDENTITIES:6ZW-45W-W84Z">Email,Identity</string>
    <long name="last_assets_cleanup" value="1771069962433" />
</map>
