<?xml version='1.0' encoding='utf-8' standalone='yes' ?>
<map>
    <string name="pfworkid">6ZW-45W-W84Z</string>
    <int name="imc:__2f9ee00306974882bd2e68e0a20c61a5:6ZW-45W-W84Z" value="10" />
    <string name="instance:6ZW-45W-W84Z">{&quot;accountId&quot;:&quot;6ZW-45W-W84Z&quot;,&quot;accountToken&quot;:&quot;054-016&quot;,&quot;analyticsOnly&quot;:false,&quot;isDefaultInstance&quot;:true,&quot;useGoogleAdId&quot;:false,&quot;disableAppLaunchedEvent&quot;:false,&quot;personalization&quot;:true,&quot;debugLevel&quot;:0,&quot;createdPostAppLaunch&quot;:false,&quot;sslPinning&quot;:false,&quot;backgroundSync&quot;:true,&quot;getEnableCustomCleverTapId&quot;:false,&quot;beta&quot;:false,&quot;encryptionLevel&quot;:0,&quot;allowedPushTypes&quot;:[]}</string>
    <int name="comms_last_ts:6ZW-45W-W84Z" value="1771060544" />
    <int name="comms_first_ts:6ZW-45W-W84Z" value="1769880488" />
    <string name="ict_date:__2f9ee00306974882bd2e68e0a20c61a5:6ZW-45W-W84Z">14022026</string>
    <int name="istc_inapp:__2f9ee00306974882bd2e68e0a20c61a5:6ZW-45W-W84Z" value="0" />
    <int name="encryptionLevel:6ZW-45W-W84Z" value="0" />
    <int name="encryptionMigrationFailureCount:6ZW-45W-W84Z" value="0" />
    <int name="sexe:6ZW-45W-W84Z" value="1769880530" />
    <int name="lastSessionId:6ZW-45W-W84Z" value="1769880486" />
    <string name="deviceId:6ZW-45W-W84Z">__2f9ee00306974882bd2e68e0a20c61a5</string>
    <int name="istmcd_inapp:__2f9ee00306974882bd2e68e0a20c61a5:6ZW-45W-W84Z" value="10" />
    <string name="fcm_token:6ZW-45W-W84Z">cyMVPQEoRYWyqR63C3-ojp:APA91bELzqSQ32jGiJkt_VH1INpsWnyN_LaTV-_f5kz7R74JcYXW01X4E7O1JK8kh0e3nO2zX_H5KiViKa9GjnimitCt--971Wkrh-7xAIwkfbHCfJDmWqs</string>
    <boolean name="ssInAppMigrated:6ZW-45W-W84Z" value="true" />
    <string name="SP_KEY_PROFILE_IDENTITIES:6ZW-45W-W84Z">Email,Identity</string>
    <boolean name="OptOut:__2f9ee00306974882bd2e68e0a20c61a5:6ZW-45W-W84Z" value="true" />
    <long name="last_assets_cleanup" value="1769880488797" />
</map>
