<?xml version='1.0' encoding='utf-8' standalone='yes' ?>
<map>
    <string name="pfworkid">6ZW-45W-W84Z</string>
    <string name="instance:6ZW-45W-W84Z">{&quot;accountId&quot;:&quot;6ZW-45W-W84Z&quot;,&quot;accountToken&quot;:&quot;054-016&quot;,&quot;analyticsOnly&quot;:false,&quot;isDefaultInstance&quot;:true,&quot;useGoogleAdId&quot;:false,&quot;disableAppLaunchedEvent&quot;:false,&quot;personalization&quot;:true,&quot;debugLevel&quot;:0,&quot;createdPostAppLaunch&quot;:false,&quot;sslPinning&quot;:false,&quot;backgroundSync&quot;:true,&quot;getEnableCustomCleverTapId&quot;:false,&quot;beta&quot;:false,&quot;encryptionLevel&quot;:0,&quot;allowedPushTypes&quot;:[]}</string>
    <int name="istmcd_inapp:__2ba9e84eb4ff47f29e068b02a621d59a:6ZW-45W-W84Z" value="10" />
    <int name="istc_inapp:__2ba9e84eb4ff47f29e068b02a621d59a:6ZW-45W-W84Z" value="0" />
    <int name="comms_last_ts:6ZW-45W-W84Z" value="1771143918" />
    <int name="comms_first_ts:6ZW-45W-W84Z" value="1771143881" />
    <int name="encryptionLevel:6ZW-45W-W84Z" value="0" />
    <int name="encryptionMigrationFailureCount:6ZW-45W-W84Z" value="0" />
    <boolean name="OptOut:__2ba9e84eb4ff47f29e068b02a621d59a:6ZW-45W-W84Z" value="true" />
    <int name="sexe:6ZW-45W-W84Z" value="1771143914" />
    <int name="lastSessionId:6ZW-45W-W84Z" value="1771143877" />
    <int name="imc:__2ba9e84eb4ff47f29e068b02a621d59a:6ZW-45W-W84Z" value="10" />
    <string name="deviceId:6ZW-45W-W84Z">__2ba9e84eb4ff47f29e068b02a621d59a</string>
    <string name="ict_date:__2ba9e84eb4ff47f29e068b02a621d59a:6ZW-45W-W84Z">15022026</string>
    <string name="fcm_token:6ZW-45W-W84Z">dKingTG2SDuw7IsVTUumkW:APA91bFOMUGl2NNnEnRmsqJVOqntK3pD0PHA3G-WfclEvsSxbmHpexUmDr4XJ_urwngZxtiEZp6djoM-cDHDwlqCyEaeBjtcvb-2xVFJOb9m2NWuuBhuqNs</string>
    <boolean name="ssInAppMigrated:6ZW-45W-W84Z" value="true" />
    <string name="SP_KEY_PROFILE_IDENTITIES:6ZW-45W-W84Z">Email,Identity</string>
    <long name="last_assets_cleanup" value="1771143881760" />
</map>
